,f_Signal_1Hz,f_Signal_1p05Hz,f_Signal_1p1Hz,f_Signal_1p5Hz,f_Signal_2p0Hz,f_Signal_10Hz,f_Signal_40Hz,f_Singnal_Mix,PSD_Signal_1Hz,PSD_Signal_1p05Hz,PSD_Signal_1p1Hz,PSD_Signal_1p5Hz,PSD_Signal_2p0Hz,PSD_Signal_10Hz,PSD_Signal_40Hz,PSD_Singnal_Mix
0,0.0,0.0,0.0,0.0,0.0,0.0,0.0,0.0,4.4850970924218e-06,0.006673897822081388,0.008912730453743209,0.006076066080298191,2.1721697621214704e-06,4.1654486393848287e-07,4.3959584033729717e-08,0.052654220712851474
1,0.20040080160320642,0.20040080160320642,0.20040080160320642,0.20040080160320642,0.20040080160320642,0.20040080160320642,0.20040080160320642,0.20040080160320642,6.546790134645634e-05,0.006587917071068536,0.00890053414131486,0.006468503313124234,7.469682889977491e-06,4.2031575528189484e-07,4.396560348727848e-08,0.05387799843024353
2,0.40080160320641284,0.40080160320641284,0.40080160320641284,0.40080160320641284,0.40080160320641284,0.40080160320641284,0.40080160320641284,0.40080160320641284,0.00017867301953555624,0.005521521311742285,0.007981971529792195,0.007070077708464063,1.53845665173658e-05,4.314993081822503e-07,4.398413280646482e-08,0.05948776126072564
3,0.6012024048096193,0.6012024048096193,0.6012024048096193,0.6012024048096193,0.6012024048096193,0.6012024048096193,0.6012024048096193,0.6012024048096193,0.0005447708511801346,0.00636049890649839,0.005220961567306476,0.0075041573591825205,2.56126660224445e-05,4.497420549870344e-07,4.4014952511237176e-08,0.07828645557499696
4,0.8016032064128257,0.8016032064128257,0.8016032064128257,0.8016032064128257,0.8016032064128257,0.8016032064128257,0.8016032064128257,0.8016032064128257,0.42709845133728663,0.24711838004858933,0.11430860821376868,0.00671288093353702,4.025840325075185e-05,4.7455137957688004e-07,4.4058114445862056e-08,0.42755524795273875
5,1.0020040080160322,1.0020040080160322,1.0020040080160322,1.0020040080160322,1.0020040080160322,1.0020040080160322,1.0020040080160322,1.0020040080160322,0.9999827371000513,0.9517610062743206,0.8179590345045845,0.0035879857609740634,6.382354511728512e-05,5.053955562125503e-07,4.4113636492922026e-08,1.0643546486594078
6,1.2024048096192386,1.2024048096192386,1.2024048096192386,1.2024048096192386,1.2024048096192386,1.2024048096192386,1.2024048096192386,1.2024048096192386,0.42709132546000533,0.6294350495316496,0.8176944743158943,0.11430406590718492,0.00010759706898323627,5.417868875732912e-07,4.418153786745686e-08,0.8280740234272207
7,1.402805611222445,1.402805611222445,1.402805611222445,1.402805611222445,1.402805611222445,1.402805611222445,1.402805611222445,1.402805611222445,0.0005599554862309641,0.03524471053800643,0.1145578603967442,0.8179183518567895,0.0002083869780271226,5.833345478197634e-07,4.426184151958986e-08,0.6493852478769524
8,1.6032064128256514,1.6032064128256514,1.6032064128256514,1.6032064128256514,1.6032064128256514,1.6032064128256514,1.6032064128256514,1.6032064128256514,0.0002041101306650634,0.002543421767182434,0.003714724998870989,0.8177207753411935,0.000566651144291124,6.297694409064489e-07,4.4354581375208164e-08,0.6054936310739765
9,1.8036072144288577,1.8036072144288577,1.8036072144288577,1.8036072144288577,1.8036072144288577,1.8036072144288577,1.8036072144288577,1.8036072144288577,0.00010549205214469209,0.005018152512462777,0.006845326390786582,0.11450302524304838,0.42708179657172535,6.809501848105878e-07,4.445978707515874e-08,0.30024179787615696
10,2.0040080160320644,2.0040080160320644,2.0040080160320644,2.0040080160320644,2.0040080160320644,2.0040080160320644,2.0040080160320644,2.0040080160320644,6.377301169662745e-05,0.005197448152751564,0.007550622564781474,0.002726555045220756,0.9999957506635474,7.36859411033592e-07,4.457750363198163e-08,0.6222026642482354
11,2.2044088176352705,2.2044088176352705,2.2044088176352705,2.2044088176352705,2.2044088176352705,2.2044088176352705,2.2044088176352705,2.2044088176352705,4.2257104125887165e-05,0.004827303595080114,0.007085282732362143,0.006495112543554665,0.4270809379882816,7.975967409310739e-07,4.4707764966826795e-08,0.28229628844008997
12,2.404809619238477,2.404809619238477,2.404809619238477,2.404809619238477,2.404809619238477,2.404809619238477,2.404809619238477,2.404809619238477,2.9764334284273322e-05,0.004386335867201505,0.0064434663021079325,0.007278182679564195,0.0005683944130897623,8.633726882847283e-07,4.485062895698056e-08,0.02537045816589888
13,2.6052104208416833,2.6052104208416833,2.6052104208416833,2.6052104208416833,2.6052104208416833,2.6052104208416833,2.6052104208416833,2.6052104208416833,2.190745509599281e-05,0.003979648781151333,0.0058373880871763015,0.006826570601720712,0.0002110691127844885,9.345048398168683e-07,4.500615109206682e-08,0.020011751784894435
14,2.80561122244489,2.80561122244489,2.80561122244489,2.80561122244489,2.80561122244489,2.80561122244489,2.80561122244489,2.80561122244489,1.667156863535611e-05,0.00362626596598202,0.005308268594951358,0.006186948793965076,0.00011130454494806049,1.0114178296408689e-06,4.5174379623231275e-08,0.016310437455486392
15,3.006012024048096,3.006012024048096,3.006012024048096,3.006012024048096,3.006012024048096,3.006012024048096,3.006012024048096,3.006012024048096,1.3025227737445304e-05,0.0033236616796245896,0.004855366663832113,0.00558032888610893,6.868214414993287e-05,1.094647119735729e-06,4.535538954538369e-08,0.013824061949118381
16,3.2064128256513027,3.2064128256513027,3.2064128256513027,3.2064128256513027,3.2064128256513027,3.2064128256513027,3.2064128256513027,3.2064128256513027,1.0395496298366718e-05,0.0030645596344471377,0.0044683530116930706,0.005050322544701202,4.6443890724877146e-05,1.1848469984278422e-06,4.5549245736651976e-08,0.012572720203487745
17,3.4068136272545093,3.4068136272545093,3.4068136272545093,3.4068136272545093,3.4068136272545093,3.4068136272545093,3.4068136272545093,3.4068136272545093,8.444894501517273e-06,0.002841550570679848,0.004136070218961936,0.004596928666038308,3.336601335933197e-05,1.282803133462708e-06,4.575602820545307e-08,0.010783175777266696
18,3.6072144288577155,3.6072144288577155,3.6072144288577155,3.6072144288577155,3.6072144288577155,3.6072144288577155,3.6072144288577155,3.6072144288577155,6.963541837283221e-06,0.0026482519340680862,0.003848774453938486,0.004210019811411412,2.502974653244594e-05,1.3894501734122179e-06,4.597581344841009e-08,0.009575686388503538
19,3.807615230460922,3.807615230460922,3.807615230460922,3.807615230460922,3.807615230460922,3.807615230460922,3.807615230460922,3.807615230460922,5.816064592054784e-06,0.002479449529073231,0.003598482069497503,0.0038784459135438225,1.9397113177085627e-05,1.5058951980288578e-06,4.6208691630850893e-08,0.008377187533537216
20,4.008016032064129,4.008016032064129,4.008016032064129,4.008016032064129,4.008016032064129,4.008016032064129,4.008016032064129,4.008016032064129,4.911988126517819e-06,0.0023309576572933663,0.0033787887491110026,0.0035924021178012177,1.541918289906359e-05,1.6334481762046027e-06,4.6454756609767593e-08,0.0076923278251320604
21,4.208416833667335,4.208416833667335,4.208416833667335,4.208416833667335,4.208416833667335,4.208416833667335,4.208416833667335,4.208416833667335,4.189109188462412e-06,0.0021994275893628757,0.003184581551069134,0.0033438232103803417,1.2510444223429082e-05,1.7736610426567957e-06,4.671411082592633e-08,0.00689639458015097
22,4.408817635270541,4.408817635270541,4.408817635270541,4.408817635270541,4.408817635270541,4.408817635270541,4.408817635270541,4.408817635270541,3.60359590252296e-06,0.002082172459993582,0.0030117687658089056,0.0031262230284219853,1.0322913275974765e-05,1.9283776359017766e-06,4.698685434412221e-08,0.006090024893423491
23,4.609218436873747,4.609218436873747,4.609218436873747,4.609218436873747,4.609218436873747,4.609218436873747,4.609218436873747,4.609218436873747,3.123893535741178e-06,0.001977023846390723,0.0028570572377969792,0.0029344140462424393,8.639162385541557e-06,2.0997975687075968e-06,4.727310717705109e-08,0.005872863939939821
24,4.809619238476954,4.809619238476954,4.809619238476954,4.809619238476954,4.809619238476954,4.809619238476954,4.809619238476954,4.809619238476954,2.7268392873013754e-06,0.0018822192458698035,0.0027177775142494844,0.002764239532341278,7.317663848905216e-06,2.290558230946092e-06,4.757298313526112e-08,0.005270085256850692
25,5.01002004008016,5.01002004008016,5.01002004008016,5.01002004008016,5.01002004008016,5.01002004008016,5.01002004008016,5.01002004008016,2.395248735033768e-06,0.0017963152096657174,0.002591749025024793,0.002612351064849453,6.263097400501183e-06,2.503840761073602e-06,4.7886616829481446e-08,0.0049357292178686734
26,5.210420841683367,5.210420841683367,5.210420841683367,5.210420841683367,5.210420841683367,5.210420841683367,5.210420841683367,5.210420841683367,2.1158832860319523e-06,0.0017181204320743815,0.0024771765063828157,0.0024760328751595637,5.4093814007771296e-06,2.7435080097022456e-06,4.821414330102899e-08,0.0047847975502623265
27,5.410821643286574,5.410821643286574,5.410821643286574,5.410821643286574,5.410821643286574,5.410821643286574,5.410821643286574,5.410821643286574,1.8788815522454785e-06,0.001646644574337933,0.0023725709784237947,0.0023530657310337115,4.7095534139056596e-06,3.0142858982892376e-06,4.85556868715765e-08,0.004382602322577395
28,5.61122244488978,5.61122244488978,5.61122244488978,5.61122244488978,5.61122244488978,5.61122244488978,5.61122244488978,5.61122244488978,1.6763742731183977e-06,0.0015810582265175183,0.0022766880471702445,0.002241623232022495,4.129511978388695e-06,3.32200426611478e-06,4.891143052729538e-08,0.0040139853693891845
29,5.811623246492986,5.811623246492986,5.811623246492986,5.811623246492986,5.811623246492986,5.811623246492986,5.811623246492986,5.811623246492986,1.5022619570896993e-06,0.001520662129263942,0.002188480713295837,0.0021401894529529493,3.6439776470763173e-06,3.6739204821460747e-06,4.928150601158181e-08,0.00374336521653935
30,6.012024048096192,6.012024048096192,6.012024048096192,6.012024048096192,6.012024048096192,6.012024048096192,6.012024048096192,6.012024048096192,1.3516953541814459e-06,0.0014648629719507893,0.0021070622049884106,0.002047499263304239,3.234203289705012e-06,4.079159927073094e-06,4.966609407489745e-08,0.0036223432531238393
31,6.212424849699399,6.212424849699399,6.212424849699399,6.212424849699399,6.212424849699399,6.212424849699399,6.212424849699399,6.212424849699399,1.2207933108329492e-06,0.001413154207214799,0.0020316767856615996,0.0019624881339708137,2.885193489517527e-06,4.549324073739121e-06,5.006536302525843e-08,0.0036604770036536174
32,6.412825651302605,6.412825651302605,6.412825651302605,6.412825651302605,6.412825651302605,6.412825651302605,6.412825651302605,6.412825651302605,1.1064231196651384e-06,0.0013651009342977069,0.001961676640986253,0.0018842552221147012,2.5862212168496416e-06,5.09934328481272e-06,5.0479503946972786e-08,0.003586135309534384
33,6.613226452905812,6.613226452905812,6.613226452905812,6.613226452905812,6.613226452905812,6.613226452905812,6.613226452905812,6.613226452905812,1.0060363684825595e-06,0.0013203277566937001,0.0018965033927279985,0.001812033425796973,2.3282563538406092e-06,5.748693666731553e-06,5.0908709981661786e-08,0.0032741322741788727
34,6.813627254509019,6.813627254509019,6.813627254509019,6.813627254509019,6.813627254509019,6.813627254509019,6.813627254509019,6.813627254509019,9.175115145723088e-07,0.001278508966848622,0.0018356732966230526,0.0017451658311842576,2.1043835879324206e-06,6.523167361849016e-06,5.1353181650845934e-08,0.0036291780480974243
35,7.014028056112225,7.014028056112225,7.014028056112225,7.014028056112225,7.014028056112225,7.014028056112225,7.014028056112225,7.014028056112225,8.393037633818341e-07,0.001239360674623165,0.001778765266773963,0.0016830868295856975,1.9090364984029746e-06,7.457504142125063e-06,5.181313970793929e-08,0.003443188479970606
36,7.214428857715431,7.214428857715431,7.214428857715431,7.214428857715431,7.214428857715431,7.214428857715431,7.214428857715431,7.214428857715431,7.696162529570386e-07,0.0012026342800990487,0.0017254108978998364,0.0016253069921354812,1.7377229401135908e-06,8.599399653812907e-06,5.228879887313685e-08,0.0034554378945039956
37,7.414829659318637,7.414829659318637,7.414829659318637,7.414829659318637,7.414829659318637,7.414829659318637,7.414829659318637,7.414829659318637,7.076218307468646e-07,0.0011681112078271595,0.0016752868757266063,0.0015714007239401803,1.5867874104692398e-06,1.0015781121257879e-05,5.278041652115498e-08,0.003508458410648214
38,7.615230460921844,7.615230460921844,7.615230460921844,7.615230460921844,7.615230460921844,7.615230460921844,7.615230460921844,7.615230460921844,6.521400584541381e-07,0.0011355984808070572,0.0016281078509808053,0.001520996541332365,1.4532323235911938e-06,1.18029481258866e-05,5.328820797000413e-08,0.0034186856494084856
39,7.81563126252505,7.81563126252505,7.81563126252505,7.81563126252505,7.81563126252505,7.81563126252505,7.81563126252505,7.81563126252505,6.023582088195519e-07,0.0011049251403184325,0.0015836213702240599,0.0014737682596657714,1.33458210069916e-06,1.410356769465301e-05,5.3812463141026206e-08,0.0035805862582881784
40,8.016032064128257,8.016032064128257,8.016032064128257,8.016032064128257,8.016032064128257,8.016032064128257,8.016032064128257,8.016032064128257,5.575587170040276e-07,0.0010759391145689556,0.0015416030808209909,0.0014294290319024905,1.2287787712002745e-06,1.7136399355627926e-05,5.43533950819193e-08,0.003498444081053992
41,8.216432865731463,8.216432865731463,8.216432865731463,8.216432865731463,8.216432865731463,8.216432865731463,8.216432865731463,8.216432865731463,5.171302641890541e-07,0.0010485047439373102,0.0015018530456238361,0.001387725130183064,1.1341010230198783e-06,2.1250991881091897e-05,5.491139729294047e-08,0.004035654651070656
42,8.41683366733467,8.41683366733467,8.41683366733467,8.41683366733467,8.41683366733467,8.41683366733467,8.41683366733467,8.41683366733467,4.805497841213453e-07,0.0010225006222901888,0.0014641924012021455,0.0013484315493456167,1.0491008868658185e-06,2.7034705525143565e-05,5.5486647680134914e-08,0.004204689747914315
43,8.617234468937877,8.617234468937877,8.617234468937877,8.617234468937877,8.617234468937877,8.617234468937877,8.617234468937877,8.617234468937877,4.473678940542616e-07,0.0009978176985856917,0.001428460745772846,0.0013113480345864296,9.725538110845602e-07,3.553866758352062e-05,5.6079517246688934e-08,0.004196428198419055
44,8.817635270541082,8.817635270541082,8.817635270541082,8.817635270541082,8.817635270541082,8.817635270541082,8.817635270541082,8.817635270541082,4.1718084732181575e-07,0.0009743578526282766,0.0013945137716062023,0.001276295792331307,9.03418994818073e-07,4.880348201627614e-05,5.6690312793939606e-08,0.0049414427823512306
45,9.01803607214429,9.01803607214429,9.01803607214429,9.01803607214429,9.01803607214429,9.01803607214429,9.01803607214429,9.01803607214429,3.8973926086749346e-07,0.0009520324693277932,0.0013622212148292753,0.0012431147075324129,8.408076494111806e-07,7.125107644038877e-05,5.731937579075875e-08,0.005330326378399333
46,9.218436873747494,9.218436873747494,9.218436873747494,9.218436873747494,9.218436873747494,9.218436873747494,9.218436873747494,9.218436873747494,3.6457396271882965e-07,0.0009307613590154385,0.0013314654044037204,0.0012116609798797865,7.839574324321966e-07,0.00011410905593341435,5.7967053851954373e-08,0.006209274389669762
47,9.418837675350701,9.418837675350701,9.418837675350701,9.418837675350701,9.418837675350701,9.418837675350701,9.418837675350701,9.418837675350701,3.416086620146581e-07,0.0009104717452761547,0.001302139487904199,0.0011818050988477503,7.322117251829785e-07,0.00021414012435225956,5.863371953933379e-08,0.007603169744343025
48,9.619238476953909,9.619238476953909,9.619238476953909,9.619238476953909,9.619238476953909,9.619238476953909,9.619238476953909,9.619238476953909,3.20535073724837e-07,0.0008910974529609658,0.0012741464803016453,0.001153430161377611,6.850027307845051e-07,0.0005717686183716743,5.931974929140721e-08,0.011032694258374661
49,9.819639278557114,9.819639278557114,9.819639278557114,9.819639278557114,9.819639278557114,9.819639278557114,9.819639278557114,9.819639278557114,3.0117458198808705e-07,0.0008725781637429485,0.0012473978985512327,0.0011264302919893356,6.418622286628793e-07,0.42707721658719094,6.002554749060865e-08,0.2691551091122478
50,10.02004008016032,10.02004008016032,10.02004008016032,10.02004008016032,10.02004008016032,10.02004008016032,10.02004008016032,10.02004008016032,2.833558606888325e-07,0.0008548587794265304,0.0012218130854881198,0.00110070949003685,6.022299126497864e-07,0.9999998714770912,6.075153101016092e-08,0.6082404180832365
51,10.220440881763528,10.220440881763528,10.220440881763528,10.220440881763528,10.220440881763528,10.220440881763528,10.220440881763528,10.220440881763528,2.669278141366319e-07,0.0008378888642703761,0.001197318196840666,0.0010761804259952121,5.660010658359662e-07,0.4270772109820898,6.14981314276677e-08,0.2693711611503179
52,10.420841683366733,10.420841683366733,10.420841683366733,10.420841683366733,10.420841683366733,10.420841683366733,10.420841683366733,10.420841683366733,2.5175683291789405e-07,0.0008216221700084612,0.0011738455331155766,0.0010527635244714875,5.325763481145305e-07,0.0005717798339081246,6.226580408685492e-08,0.011149336891258048
53,10.62124248496994,10.62124248496994,10.62124248496994,10.62124248496994,10.62124248496994,10.62124248496994,10.62124248496994,10.62124248496994,2.3772447615144184e-07,0.0008060162004355306,0.0011513329637008393,0.0010303861159310908,5.01797671514686e-07,0.00021415696100292984,6.305502369585731e-08,0.0076704349335485564
54,10.821643286573147,10.821643286573147,10.821643286573147,10.821643286573147,10.821643286573147,10.821643286573147,10.821643286573147,10.821643286573147,2.2470884355285165e-07,0.0007910318443666969,0.0011297233007782801,0.0010089817108454848,4.733853585051961e-07,0.00011413152971935575,6.386627683554879e-08,0.006205946475717445
55,11.022044088176353,11.022044088176353,11.022044088176353,11.022044088176353,11.022044088176353,11.022044088176353,11.022044088176353,11.022044088176353,2.127048756971965e-07,0.0007766330195550818,0.001108963836605001,0.0009884893533441193,4.4711384322370813e-07,7.127920873806503e-05,6.470008323166642e-08,0.005292677988161672
56,11.22244488977956,11.22244488977956,11.22244488977956,11.22244488977956,11.22244488977956,11.22244488977956,11.22244488977956,11.22244488977956,2.0144585379223035e-07,0.0007627864424853522,0.0010890059378207352,0.0009688530586235206,4.2278310802122006e-07,4.883729956458737e-05,6.555697436350761e-08,0.004714586970294356
57,11.422845691382767,11.422845691382767,11.422845691382767,11.422845691382767,11.422845691382767,11.422845691382767,11.422845691382767,11.422845691382767,1.9103993686008504e-07,0.0007494612969169601,0.0010698046418599195,0.0009500213863976537,4.002153483878915e-07,3.557820249491869e-05,6.643750720124942e-08,0.004054923027484438
58,11.623246492985972,11.623246492985972,11.623246492985972,11.623246492985972,11.623246492985972,11.623246492985972,11.623246492985972,11.623246492985972,1.8133123375063628e-07,0.0007366290287963887,0.0010513182346220272,0.0009319466842410734,3.7925212561691516e-07,2.7079995296770686e-05,6.734226519893379e-08,0.003854939423584795
59,11.823647294589179,11.823647294589179,11.823647294589179,11.823647294589179,11.823647294589179,11.823647294589179,11.823647294589179,11.823647294589179,1.7227608850256178e-07,0.0007242631590314438,0.0010335081488440567,0.0009145854185604642,3.597519305018699e-07,2.130207940218486e-05,6.82718374680235e-08,0.003416763766870231
60,12.024048096192384,12.024048096192384,12.024048096192384,12.024048096192384,12.024048096192384,12.024048096192384,12.024048096192384,12.024048096192384,1.6382021220537396e-07,0.0007123391005725407,0.0010163384729681415,0.000897896900248042,3.4158809476739226e-07,1.7193332911132167e-05,6.922693124838822e-08,0.003027540318285153
61,12.224448897795591,12.224448897795591,12.224448897795591,12.224448897795591,12.224448897795591,12.224448897795591,12.224448897795591,12.224448897795591,1.5591465848224315e-07,0.0007008339464812698,0.0009997758553442046,0.0008818436973672564,3.2464699268763853e-07,1.4166400970241464e-05,7.020804132289042e-08,0.002995632537430599
62,12.424849699398798,12.424849699398798,12.424849699398798,12.424849699398798,12.424849699398798,12.424849699398798,12.424849699398798,12.424849699398798,1.4851521558579686e-07,0.0006897263821032208,0.0009837892208120742,0.0008663910420212823,3.0882648974127804e-07,1.187174018827284e-05,7.121601948474932e-08,0.002784277371175591
63,12.625250501002004,12.625250501002004,12.625250501002004,12.625250501002004,12.625250501002004,12.625250501002004,12.625250501002004,12.625250501002004,1.41581885353781e-07,0.0006789965206480332,0.0009683496035063221,0.0008515066625913775,2.9403459980952167e-07,1.0090596406004278e-05,7.225150030911622e-08,0.0027317934939067898
64,12.82565130260521,12.82565130260521,12.82565130260521,12.82565130260521,12.82565130260521,12.82565130260521,12.82565130260521,12.82565130260521,1.350594165369421e-07,0.0006686257813939852,0.0009534299484556243,0.0008371605504108944,2.801883198242379e-07,8.680307920554258e-06,7.331522464471681e-08,0.002641617034070768
65,13.026052104208418,13.026052104208418,13.026052104208418,13.026052104208418,13.026052104208418,13.026052104208418,13.026052104208418,13.026052104208418,1.290161343848704e-07,0.0006585968135534604,0.0009390049995212458,0.0008233247776001513,2.672126163817608e-07,7.544580414783561e-06,7.440799136113985e-08,0.0026089544101903215
66,13.226452905811623,13.226452905811623,13.226452905811623,13.226452905811623,13.226452905811623,13.226452905811623,13.226452905811623,13.226452905811623,1.2321320890377375e-07,0.0006488933516706179,0.0009250510685524956,0.0008099733039700686,2.5503954127525084e-07,6.616491843720657e-06,7.553059207614255e-08,0.0025318444599103053
67,13.42685370741483,13.42685370741483,13.42685370741483,13.42685370741483,13.42685370741483,13.42685370741483,13.42685370741483,13.42685370741483,1.1783232425062097e-07,0.000639500162198488,0.0009115460570645412,0.0007970819275783236,2.4360746003993405e-07,5.84835161234644e-06,7.668387094993834e-08,0.0023500482483131643
68,13.627254509018037,13.627254509018037,13.627254509018037,13.627254509018037,13.627254509018037,13.627254509018037,13.627254509018037,13.627254509018037,1.1274731173929263e-07,0.0006304029684893326,0.0008984690978417066,0.0007846276733451766,2.328603867577416e-07,5.205424829807124e-06,7.786870502580271e-08,0.002357422532930063
69,13.827655310621243,13.827655310621243,13.827655310621243,13.827655310621243,13.827655310621243,13.827655310621243,13.827655310621243,13.827655310621243,1.0795448189454518e-07,0.0006215883561490691,0.0008858007690295088,0.0007725897160867747,2.2270896163280858e-07,4.661924007767308e-06,7.908600616815313e-08,0.002146468382333609
70,14.02805611222445,14.02805611222445,14.02805611222445,14.02805611222445,14.02805611222445,14.02805611222445,14.02805611222445,14.02805611222445,1.0343306570567876e-07,0.0006130437052912907,0.000873522704228828,0.0007609479016573709,2.1331143636370246e-07,4.1983773853544154e-06,8.033672836376941e-08,0.0020365340844641145
71,14.228456913827655,14.228456913827655,14.228456913827655,14.228456913827655,14.228456913827655,14.228456913827655,14.228456913827655,14.228456913827655,9.916405207405713e-08,0.0006047571651075086,0.0008616176668758855,0.000749683693318413,2.0420304667189856e-07,3.799858567632552e-06,8.162186190005107e-08,0.002018349985313402
72,14.428857715430862,14.428857715430862,14.428857715430862,14.428857715430862,14.428857715430862,14.428857715430862,14.428857715430862,14.428857715430862,9.513001418005292e-08,0.0005967175414153887,0.0008500694278068237,0.0007387796042684601,1.9576749164325732e-07,3.454769521057467e-06,8.294244378086229e-08,0.0019131013011693967
73,14.629258517034069,14.629258517034069,14.629258517034069,14.629258517034069,14.629258517034069,14.629258517034069,14.629258517034069,14.629258517034069,9.131497738997106e-08,0.0005889143356600574,0.0008388626959464415,0.0007282192317168188,1.8776445511607673e-07,3.153987670334183e-06,8.42995524743983e-08,0.0019410284646267859
74,14.829659318637274,14.829659318637274,14.829659318637274,14.829659318637274,14.829659318637274,14.829659318637274,14.829659318637274,14.829659318637274,8.764290600478209e-08,0.0005813375853272591,0.000827983055826573,0.000717987131848586,1.8019986090364128e-07,2.8902576105978327e-06,8.569431283365773e-08,0.001876226379685503
75,15.030060120240481,15.030060120240481,15.030060120240481,15.030060120240481,15.030060120240481,15.030060120240481,15.030060120240481,15.030060120240481,8.44272465646246e-08,0.0005739779037839082,0.0008174168487914128,0.0007080687979522029,1.730438485867595e-07,2.657750422867939e-06,8.712790324231546e-08,0.0019158852756627884
76,15.230460921843688,15.230460921843688,15.230460921843688,15.230460921843688,15.230460921843688,15.230460921843688,15.230460921843688,15.230460921843688,8.09808393511253e-08,0.0005668264902524715,0.0008071512696599892,0.0006984505611453618,1.662689923756951e-07,2.451739766924082e-06,8.86015449122925e-08,0.0018676071852893608
77,15.430861723446894,15.430861723446894,15.430861723446894,15.430861723446894,15.430861723446894,15.430861723446894,15.430861723446894,15.430861723446894,7.796702719487686e-08,0.0005598748756176755,0.0007971741205072054,0.0006891194528059134,1.59850060994826e-07,2.2683606799313317e-06,9.011651658911478e-08,0.0017704146480128533
78,15.6312625250501,15.6312625250501,15.6312625250501,15.6312625250501,15.6312625250501,15.6312625250501,15.6312625250501,15.6312625250501,7.5047966246882e-08,0.0005531151827498476,0.0007874739080156551,0.0006800635703290911,1.5376381380490384e-07,2.1044277997552907e-06,9.167415856111262e-08,0.0017965413352310738
79,15.831663326653308,15.831663326653308,15.831663326653308,15.831663326653308,15.831663326653308,15.831663326653308,15.831663326653308,15.831663326653308,7.227524365816899e-08,0.0005465398661478952,0.0007780396951883527,0.0006712710707856574,1.4798881819187302e-07,1.9572968057432566e-06,9.327585866087109e-08,0.001638692209385203
80,16.032064128256515,16.032064128256515,16.032064128256515,16.032064128256515,16.032064128256515,16.032064128256515,16.032064128256515,16.032064128256515,6.963974598514869e-08,0.0005401418250704918,0.0007688612107512215,0.0006627313622928833,1.4250528705054743e-07,1.8247577689067075e-06,9.492308127650742e-08,0.0016047451855484758
81,16.23246492985972,16.23246492985972,16.23246492985972,16.23246492985972,16.23246492985972,16.23246492985972,16.23246492985972,16.23246492985972,6.713305381348892e-08,0.0005339142906718929,0.0007599286184450186,0.0006544341055509066,1.372949324868481e-07,1.7049522359999682e-06,9.661733098118653e-08,0.0015899119450398101
82,16.432865731462925,16.432865731462925,16.432865731462925,16.432865731462925,16.432865731462925,16.432865731462925,16.432865731462925,16.432865731462925,6.47473657101742e-08,0.0005278508429674614,0.0007512326339898531,0.000646369596889717,1.3234083415334786e-07,1.5963082204688294e-06,9.836021433090668e-08,0.0015183702268719002
83,16.633266533066134,16.633266533066134,16.633266533066134,16.633266533066134,16.633266533066134,16.633266533066134,16.633266533066134,16.633266533066134,6.247545031053498e-08,0.0005219454040391741,0.0007427644324616821,0.0006385286490613419,1.2762732114873836e-07,1.4974888014174606e-06,1.0015338209757836e-07,0.001552348882308807
84,16.83366733466934,16.83366733466934,16.83366733466934,16.83366733466934,16.83366733466934,16.83366733466934,16.83366733466934,16.83366733466934,6.029110453020285e-08,0.0005161921736791228,0.0007345156203351152,0.0006309025379234369,1.231398649856401e-07,1.4073511710442025e-06,1.0199857142459844e-07,0.0014885562204985919
85,17.034068136272545,17.034068136272545,17.034068136272545,17.034068136272545,17.034068136272545,17.034068136272545,17.034068136272545,17.034068136272545,5.829193058586118e-08,0.0005105856373720916,0.0007264782267853076,0.0006234830055026818,1.1886498397030559e-07,1.3249137760741658e-06,1.0389759918945616e-07,0.0015504719520865156
86,17.234468937875754,17.234468937875754,17.234468937875754,17.234468937875754,17.234468937875754,17.234468937875754,17.234468937875754,17.234468937875754,5.625781689856922e-08,0.0005051205811845654,0.0007186446223154785,0.0006162622071138417,1.147901559430888e-07,1.2493297649792097e-06,1.058523602455391e-07,0.001503905970375702
87,17.43486973947896,17.43486973947896,17.43486973947896,17.43486973947896,17.43486973947896,17.43486973947896,17.43486973947896,17.43486973947896,5.439769270142273e-08,0.0004997919638710007,0.0007110076682663449,0.0006092326734140275,1.1090374309314829e-07,1.1798654047414808e-06,1.078648479926667e-07,0.0014423336521511565
88,17.635270541082164,17.635270541082164,17.635270541082164,17.635270541082164,17.635270541082164,17.635270541082164,17.635270541082164,17.635270541082164,5.260257084877426e-08,0.0004945950841615596,0.0007035603812661726,0.0006023873873319567,1.0719494363583897e-07,1.1158824282231838e-06,1.0993713389596459e-07,0.0014695667184210434
89,17.835671342685373,17.835671342685373,17.835671342685373,17.835671342685373,17.835671342685373,17.835671342685373,17.835671342685373,17.835671342685373,5.088724473512908e-08,0.0004895253649617842,0.0006962962598420765,0.0005957195279162185,1.0358138189936128e-07,1.0568235136309746e-06,1.1207139700728661e-07,0.0013410891216246313
90,18.03607214428858,18.03607214428858,18.03607214428858,18.03607214428858,18.03607214428858,18.03607214428858,18.03607214428858,18.03607214428858,4.9247306589396e-08,0.0004845785063039519,0.000689209021421191,0.0005892227519521479,1.0043907289594438e-07,1.0022002408207276e-06,1.1426992440834382e-07,0.0013397489217430965
91,18.236472945891784,18.236472945891784,18.236472945891784,18.236472945891784,18.236472945891784,18.236472945891784,18.236472945891784,18.236472945891784,4.767864584522072e-08,0.00047975037222848456,0.000682292691058636,0.0005828909398176205,9.696394581778893e-08,9.515832324588347e-07,1.1653509014106537e-07,0.0013217033738730946
92,18.43687374749499,18.43687374749499,18.43687374749499,18.43687374749499,18.43687374749499,18.43687374749499,18.43687374749499,18.43687374749499,4.617742393188151e-08,0.0004750370011994913,0.0006755415790274281,0.0005767182967555918,9.394330043471817e-08,9.045936134082249e-07,1.188694106671021e-07,0.0012760655655390436
93,18.637274549098198,18.637274549098198,18.637274549098198,18.637274549098198,18.637274549098198,18.637274549098198,18.637274549098198,18.637274549098198,4.4740075735538764e-08,0.0004704346627072007,0.0006689502230337959,0.0005706992432838558,9.098374986783545e-08,8.608962262577166e-07,1.2127550446033362e-07,0.001305328356955253
94,18.837675350701403,18.837675350701403,18.837675350701403,18.837675350701403,18.837675350701403,18.837675350701403,18.837675350701403,18.837675350701403,4.329464726704975e-08,0.0004659397165283313,0.0006625134303730903,0.0005648285576490919,8.81505162045091e-08,8.201936173896626e-07,1.2375612601583435e-07,0.0012402053663594659
95,19.03807615230461,19.03807615230461,19.03807615230461,19.03807615230461,19.03807615230461,19.03807615230461,19.03807615230461,19.03807615230461,4.220372262303973e-08,0.0004615487540003443,0.0006562262034504846,0.0005591011583509268,8.543686118873923e-08,7.822210975380809e-07,1.263141620724376e-07,0.001311417793773232
96,19.238476953907817,19.238476953907817,19.238476953907817,19.238476953907817,19.238476953907817,19.238476953907817,19.238476953907817,19.238476953907817,4.070962338879352e-08,0.0004572584398595398,0.0006500837759116905,0.0005535122465938955,8.283649964451224e-08,7.467424995527544e-07,1.2895264447894706e-07,0.0012631602453755438
97,19.438877755511022,19.438877755511022,19.438877755511022,19.438877755511022,19.438877755511022,19.438877755511022,19.438877755511022,19.438877755511022,3.956448915918882e-08,0.00045306564815342796,0.0006440816155939587,0.0005480572337311375,8.034354395989385e-08,7.135465739516695e-07,1.3167475308627096e-07,0.0012215689803016056
98,19.639278557114228,19.639278557114228,19.639278557114228,19.639278557114228,19.639278557114228,19.639278557114228,19.639278557114228,19.639278557114228,3.8399669217754115e-08,0.00044896735254222505,0.0006382153164873169,0.0005427317007320095,7.795247318460018e-08,6.824439019753511e-07,1.3448382026135097e-07,0.0012449453494370569
99,19.839679358717436,19.839679358717436,19.839679358717436,19.839679358717436,19.839679358717436,19.839679358717436,19.839679358717436,19.839679358717436,3.7281397650877917e-08,0.00044496063761948206,0.0006324807240122745,0.0005375314854023816,7.56581052027627e-08,6.532642445076858e-07,1.3741424804581338e-07,0.0011387096730358002
100,20.04008016032064,20.04008016032064,20.04008016032064,20.04008016032064,20.04008016032064,20.04008016032064,20.04008016032064,20.04008016032064,3.6207337063383707e-08,0.00044104274755341695,0.0006268738297291478,0.0005324525433528136,7.345557302271419e-08,6.258542625862888e-07,1.4030507942392597e-07,0.001153991221330253
101,20.240480961923847,20.240480961923847,20.240480961923847,20.240480961923847,20.240480961923847,20.240480961923847,20.240480961923847,20.240480961923847,3.517531364021908e-08,0.0004372110072590356,0.0006213907362231719,0.0005274910374606101,7.134030231359277e-08,6.000755442488641e-07,1.4349986986989424e-07,0.0011311152766132109
102,20.440881763527056,20.440881763527056,20.440881763527056,20.440881763527056,20.440881763527056,20.440881763527056,20.440881763527056,20.440881763527056,3.418328708761005e-08,0.0004334628644182933,0.0006160278163685951,0.0005226432863810797,6.930799090521036e-08,5.758028964213837e-07,1.4666301996535716e-07,0.0011058863935714046
103,20.64128256513026,20.64128256513026,20.64128256513026,20.64128256513026,20.64128256513026,20.64128256513026,20.64128256513026,20.64128256513026,3.322935419937753e-08,0.00042979586880755277,0.0006107814906678452,0.0005179057579140185,6.735459010025353e-08,5.529228614029768e-07,1.4996352684374522e-07,0.0011286567589717431
104,20.841683366733466,20.841683366733466,20.841683366733466,20.841683366733466,20.841683366733466,20.841683366733466,20.841683366733466,20.841683366733466,3.226592366798439e-08,0.00042620765259453343,0.0006056483715290185,0.0005132750781356973,6.547628731463234e-08,5.313324222933989e-07,1.5337502251014048e-07,0.001061888757338683
105,21.042084168336675,21.042084168336675,21.042084168336675,21.042084168336675,21.042084168336675,21.042084168336675,21.042084168336675,21.042084168336675,3.153540515971893e-08,0.00042269597564495464,0.000600625197997415,0.0005087480005322155,6.366949002052374e-08,5.109378721749074e-07,1.569023083487133e-07,0.0011367051073396302
106,21.24248496993988,21.24248496993988,21.24248496993988,21.24248496993988,21.24248496993988,21.24248496993988,21.24248496993988,21.24248496993988,3.0532428736298155e-08,0.00041925863932490654,0.0005957087921207128,0.0005043214114872949,6.193081100609354e-08,4.916538257040608e-07,1.6055042763843322e-07,0.001087287743014628
107,21.442885771543086,21.442885771543086,21.442885771543086,21.442885771543086,21.442885771543086,21.442885771543086,21.442885771543086,21.442885771543086,2.97593601768886e-08,0.00041589355443720516,0.0005908961937945853,0.0004999923986502437,6.025705371968021e-08,4.7340234675162573e-07,1.643247003141322e-07,0.001058786094460901
108,21.643286573146295,21.643286573146295,21.643286573146295,21.643286573146295,21.643286573146295,21.643286573146295,21.643286573146295,21.643286573146295,2.8970437444125395e-08,0.0004125987386358331,0.0005861844714589297,0.0004957578734730093,5.8645195052165456e-08,4.5611218720642984e-07,1.6823074598290703e-07,0.001075789065045274
109,21.8436873747495,21.8436873747495,21.8436873747495,21.8436873747495,21.8436873747495,21.8436873747495,21.8436873747495,21.8436873747495,2.82101439774022e-08,0.000409372213018285,0.0005815708282202307,0.000491615404159435,5.710829538974634e-08,4.3971810109957356e-07,1.7227449304878604e-07,0.000988633265755882
110,22.044088176352705,22.044088176352705,22.044088176352705,22.044088176352705,22.044088176352705,22.044088176352705,22.044088176352705,22.044088176352705,2.747717080948912e-08,0.0004062121494776904,0.0005770525867445503,0.0004875621237188843,5.555884209844784e-08,4.2416029091423517e-07,1.7646220988679032e-07,0.0010134776184523241
111,22.244488977955914,22.244488977955914,22.244488977955914,22.244488977955914,22.244488977955914,22.244488977955914,22.244488977955914,22.244488977955914,2.6770295354906777e-08,0.0004031167431573233,0.0005726271628354114,0.0004835955649444463,5.416930731406676e-08,4.0938375744298717e-07,1.8080052621533262e-07,0.0009851737116511664
112,22.44488977955912,22.44488977955912,22.44488977955912,22.44488977955912,22.44488977955912,22.44488977955912,22.44488977955912,22.44488977955912,2.6088360897609484e-08,0.00040008425701391047,0.0005682920549338148,0.00047971326241558556,5.276222146260376e-08,3.953380298782477e-07,1.8529644929432818e-07,0.0009765433656405745
113,22.645290581162325,22.645290581162325,22.645290581162325,22.645290581162325,22.645290581162325,22.645290581162325,22.645290581162325,22.645290581162325,2.5430262650418535e-08,0.0003971130448198058,0.0005640448767915732,0.00047591292122953595,5.142019594630874e-08,3.819765495104574e-07,1.899574098064508e-07,0.0009926088272593683
114,22.845691382765533,22.845691382765533,22.845691382765533,22.845691382765533,22.845691382765533,22.845691382765533,22.845691382765533,22.845691382765533,2.4821150406341427e-08,0.00039420148134181905,0.0005598833159063525,0.00047219220388314606,5.012514185920962e-08,3.6925641679345603e-07,1.947912618808633e-07,0.0009239566366807833
115,23.04609218436874,23.04609218436874,23.04609218436874,23.04609218436874,23.04609218436874,23.04609218436874,23.04609218436874,23.04609218436874,2.412044817454163e-08,0.000391348070377839,0.0005558051107745222,0.0004685489891231494,4.887502254852746e-08,3.571380134278403e-07,1.9980634293719093e-07,0.0009989883640560795
116,23.246492985971944,23.246492985971944,23.246492985971944,23.246492985971944,23.246492985971944,23.246492985971944,23.246492985971944,23.246492985971944,2.3615242540766335e-08,0.00038855122438090806,0.0005518081770206995,0.0004649811596698384,4.76679021728772e-08,3.4558472060174753e-07,2.0501149343780896e-07,0.0009499313767100736
117,23.44689378757515,23.44689378757515,23.44689378757515,23.44689378757515,23.44689378757515,23.44689378757515,23.44689378757515,23.44689378757515,2.301655858122281e-08,0.0003858096103260043,0.0005478903742845395,0.000461486765884568,4.650194377531818e-08,3.3456264243623505e-07,2.10416096116556e-07,0.0009312780817502685
118,23.647294589178358,23.647294589178358,23.647294589178358,23.647294589178358,23.647294589178358,23.647294589178358,23.647294589178358,23.647294589178358,2.2463263354415766e-08,0.0003831217682914641,0.0005440497443132266,0.00045806365625224675,4.5375404614968364e-08,3.2404037437090706e-07,2.1603011173094527e-07,0.0009396533746162906
119,23.847695390781563,23.847695390781563,23.847695390781563,23.847695390781563,23.847695390781563,23.847695390781563,23.847695390781563,23.847695390781563,2.1928337885453913e-08,0.0003804863882311734,0.0005402843414035114,0.00045471025339793576,4.42866300000715e-08,3.1398878156823416e-07,2.2186413410710262e-07,0.0008697019527952022
120,24.04809619238477,24.04809619238477,24.04809619238477,24.04809619238477,24.04809619238477,24.04809619238477,24.04809619238477,24.04809619238477,2.141103714454576e-08,0.00037790217637849357,0.0005365922963467809,0.0004514245433758688,4.323404875090107e-08,3.043808091250814e-07,2.2792941858059618e-07,0.0009009763794579785
121,24.248496993987978,24.248496993987978,24.248496993987978,24.248496993987978,24.248496993987978,24.248496993987978,24.248496993987978,24.248496993987978,2.0910643034290077e-08,0.0003753678717039447,0.0005329718221331807,0.0004482048505179735,4.2216168147528185e-08,2.951913069107588e-07,2.3423797097678845e-07,0.0008674839542859905
122,24.448897795591183,24.448897795591183,24.448897795591183,24.448897795591183,24.448897795591183,24.448897795591183,24.448897795591183,24.448897795591183,2.0426469239868727e-08,0.00037288227231171945,0.0005294211713175553,0.00044504949254560477,4.12315691523017e-08,2.8639686835364493e-07,2.4080254140307655e-07,0.0008731671903866578
123,24.649298597194388,24.649298597194388,24.649298597194388,24.649298597194388,24.649298597194388,24.649298597194388,24.649298597194388,24.649298597194388,1.9957850620852414e-08,0.00037044421243865607,0.0005259386652429685,0.0004419568375835509,4.027890264465963e-08,2.7797569427460925e-07,2.4763675598324854e-07,0.0008814890427744443
124,24.849699398797597,24.849699398797597,24.849699398797597,24.849699398797597,24.849699398797597,24.849699398797597,24.849699398797597,24.849699398797597,1.953480995997058e-08,0.00036805256396401677,0.0005225226925412586,0.00043892533553187063,3.935688484561538e-08,2.6990744953727583e-07,2.5475512620405515e-07,0.0008107144684699344
125,25.050100200400802,25.050100200400802,25.050100200400802,25.050100200400802,25.050100200400802,25.050100200400802,25.050100200400802,25.050100200400802,1.8993428774982145e-08,0.00036570622701039305,0.0005191716267239673,0.00043595346536081904,3.846429388362364e-08,2.621731702905203e-07,2.6217316936471955e-07,0.0008836442193558794
126,25.250501002004007,25.250501002004007,25.250501002004007,25.250501002004007,25.250501002004007,25.250501002004007,25.250501002004007,25.250501002004007,1.8670099663237676e-08,0.0003634041647344386,0.000515884052115122,0.0004330397737356692,3.759996548767653e-08,2.547551283837889e-07,2.6990745574351593e-07,0.0008375960282855674
127,25.450901803607216,25.450901803607216,25.450901803607216,25.450901803607216,25.450901803607216,25.450901803607216,25.450901803607216,25.450901803607216,1.822725511544448e-08,0.0003611453424569051,0.0005126584041829121,0.0004301828210257817,3.676278755020466e-08,2.476367533700748e-07,2.779756871242766e-07,0.0008283328269561072
128,25.65130260521042,25.65130260521042,25.65130260521042,25.65130260521042,25.65130260521042,25.65130260521042,25.65130260521042,25.65130260521042,1.782782849961862e-08,0.00035892877290729324,0.0005094933124460297,0.0004273813387758317,3.5951680312886275e-08,2.408025418206284e-07,2.863968699682115e-07,0.0008236061550639972
129,25.851703406813627,25.851703406813627,25.851703406813627,25.851703406813627,25.851703406813627,25.851703406813627,25.851703406813627,25.851703406813627,1.7440651646822683e-08,0.0003567535123585992,0.000506387379132102,0.0004246338773358842,3.521827172176228e-08,2.3423796821868824e-07,2.9519130628169786e-07,0.0007712759830816921
130,26.052104208416836,26.052104208416836,26.052104208416836,26.052104208416836,26.052104208416836,26.052104208416836,26.052104208416836,26.052104208416836,1.706527403591117e-08,0.0003546186243469178,0.0005033392880691721,0.0004219392574814022,3.428107070139359e-08,2.2792942337810233e-07,3.043808102842542e-07,0.0008061382921774283
131,26.25250501002004,26.25250501002004,26.25250501002004,26.25250501002004,26.25250501002004,26.25250501002004,26.25250501002004,26.25250501002004,1.6701254469706732e-08,0.00035252321865859306,0.0005003477424123342,0.00041929621783277324,3.371789311178169e-08,2.218641325628384e-07,3.139887811481408e-07,0.000773172810021026
132,26.452905811623246,26.452905811623246,26.452905811623246,26.452905811623246,26.452905811623246,26.452905811623246,26.452905811623246,26.452905811623246,1.634816884265918e-08,0.0003504664174484124,0.0004974114962063367,0.0004167035790357945,3.2949018004529785e-08,2.160301116520101e-07,3.2404037396907823e-07,0.0007944756400357951
133,26.653306613226455,26.653306613226455,26.653306613226455,26.653306613226455,26.653306613226455,26.653306613226455,26.653306613226455,26.653306613226455,1.6005605032656953e-08,0.000348447400436491,0.0004945293412130646,0.00041416016181494985,3.2254319742198007e-08,2.104160952160955e-07,3.3456264373370815e-07,0.0007857878381478363
134,26.85370741482966,26.85370741482966,26.85370741482966,26.85370741482966,26.85370741482966,26.85370741482966,26.85370741482966,26.85370741482966,1.5690792860925937e-08,0.0003464653387735951,0.0004917000970015967,0.00041166489050197,3.158031008539636e-08,2.0501149410914343e-07,3.45584719405235e-07,0.0007443693554139538
135,27.054108216432866,27.054108216432866,27.054108216432866,27.054108216432866,27.054108216432866,27.054108216432866,27.054108216432866,27.054108216432866,1.530947134155067e-08,0.0003445194297511649,0.0004889226541908506,0.0004092166582880183,3.092625312662499e-08,1.9980634316601026e-07,3.5713801398753557e-07,0.0007919831291798143
136,27.254509018036075,27.254509018036075,27.254509018036075,27.254509018036075,27.254509018036075,27.254509018036075,27.254509018036075,27.254509018036075,1.5054982844708426e-08,0.0003426089491961613,0.0004861958841522833,0.0004068144255395446,3.02914272755102e-08,1.9479126094529073e-07,3.6925641441578087e-07,0.0007534345075286479
137,27.45490981963928,27.45490981963928,27.45490981963928,27.45490981963928,27.45490981963928,27.45490981963928,27.45490981963928,27.45490981963928,1.473326083697792e-08,0.00034073311279004425,0.00048351872360731556,0.00040445722337274304,2.9675139279557057e-08,1.899574081452756e-07,3.8197655183021296e-07,0.0007562560620034726
138,27.655310621242485,27.655310621242485,27.655310621242485,27.655310621242485,27.655310621242485,27.655310621242485,27.655310621242485,27.655310621242485,1.4437925427713988e-08,0.00033889122410273866,0.0004808901563509518,0.00040214393478709554,2.9076726078114267e-08,1.8529645142919547e-07,3.9533802944703094e-07,0.0007476821079156508
139,27.855711422845694,27.855711422845694,27.855711422845694,27.855711422845694,27.855711422845694,27.855711422845694,27.855711422845694,27.855711422845694,1.415103473988587e-08,0.00033708257917192304,0.00047830915797035154,0.000399873805155438,2.849555269263999e-08,1.8080052580784616e-07,4.093837825685479e-07,0.0007498911735787959
140,28.0561122244489,28.0561122244489,28.0561122244489,28.0561122244489,28.0561122244489,28.0561122244489,28.0561122244489,28.0561122244489,1.3872301287495713e-08,0.00033530650311913766,0.0004757747791433484,0.00039764577763497515,2.7931011647051162e-08,1.7646221055635835e-07,4.2416023055568897e-07,0.0007245066429292823
141,28.256513026052104,28.256513026052104,28.256513026052104,28.256513026052104,28.256513026052104,28.256513026052104,28.256513026052104,28.256513026052104,1.3601443523751943e-08,0.00033356233583644343,0.00047328605254828805,0.0003954590061802051,2.7382521654756757e-08,1.7227449280711793e-07,4.3971812772963207e-07,0.0007496711864407266
142,28.45691382765531,28.45691382765531,28.45691382765531,28.45691382765531,28.45691382765531,28.45691382765531,28.45691382765531,28.45691382765531,1.3338190500542853e-08,0.00033184944576628375,0.00047084207809276496,0.0003933125983479715,2.684952601399961e-08,1.6823074561879203e-07,4.561121866559846e-07,0.0007746976994196679
143,28.65731462925852,28.65731462925852,28.65731462925852,28.65731462925852,28.65731462925852,28.65731462925852,28.65731462925852,28.65731462925852,1.308228161815415e-08,0.0003301672028406987,0.00046844195639144927,0.0003912057925765636,2.6331491821275056e-08,1.6432470110459574e-07,4.734023480992174e-07,0.00071195631837247
144,28.857715430861724,28.857715430861724,28.857715430861724,28.857715430861724,28.857715430861724,28.857715430861724,28.857715430861724,28.857715430861724,1.2836005334099232e-08,0.0003285150204796136,0.0004660848294283691,0.0003891376669164025,2.582790868548232e-08,1.6055042716766825e-07,4.916538247525854e-07,0.000746014596478566
145,29.05811623246493,29.05811623246493,29.05811623246493,29.05811623246493,29.05811623246493,29.05811623246493,29.05811623246493,29.05811623246493,1.2585597616842747e-08,0.00032689230345205603,0.0004637698790418197,0.000387107509759468,2.5338288169466015e-08,1.569023082366787e-07,5.109378724093864e-07,0.0007517849420191236
146,29.258517034068138,29.258517034068138,29.258517034068138,29.258517034068138,29.258517034068138,29.258517034068138,29.258517034068138,29.258517034068138,1.2358732473758118e-08,0.0003252984995715173,0.00046149620589695475,0.0003851145313124559,2.486216345241817e-08,1.5337502309910191e-07,5.313324217969403e-07,0.0007348824846955614
147,29.458917835671343,29.458917835671343,29.458917835671343,29.458917835671343,29.458917835671343,29.458917835671343,29.458917835671343,29.458917835671343,1.2127285302302024e-08,0.0003237330418292577,0.0004592631632177911,0.00038315799858282165,2.4399092115359037e-08,1.4996352584069053e-07,5.529228617831067e-07,0.0007418706943582177
148,29.65931863727455,29.65931863727455,29.65931863727455,29.65931863727455,29.65931863727455,29.65931863727455,29.65931863727455,29.65931863727455,1.1904574850012337e-08,0.00032219540180629223,0.00045706985105588326,0.0003812371694425428,2.3948683867132784e-08,1.4666302071466786e-07,5.75802896605273e-07,0.0007314198042324881
149,29.859719438877757,29.859719438877757,29.859719438877757,29.859719438877757,29.859719438877757,29.859719438877757,29.859719438877757,29.859719438877757,1.1687860517651623e-08,0.0003206850671482534,0.00045491560627651946,0.00037935137633410103,2.3423577223455698e-08,1.4349989382389578e-07,6.000755438476048e-07,0.0007734750000004981
150,30.060120240480963,30.060120240480963,30.060120240480963,30.060120240480963,30.060120240480963,30.060120240480963,30.060120240480963,30.060120240480963,1.1476949410115083e-08,0.0003192015280778491,0.00045279965950655455,0.0003774999184953732,2.3287430673898248e-08,1.4030501612426425e-07,6.258542629468968e-07,0.0007132283617775336
151,30.260521042084168,30.260521042084168,30.260521042084168,30.260521042084168,30.260521042084168,30.260521042084168,30.260521042084168,30.260521042084168,1.1271655339353358e-08,0.00031774429093372575,0.0004507213246313382,0.0003756821428829,2.2582018618968697e-08,1.3741427785953009e-07,6.532642448763469e-07,0.0007770206508626476
152,30.460921843687377,30.460921843687377,30.460921843687377,30.460921843687377,30.460921843687377,30.460921843687377,30.460921843687377,30.460921843687377,1.1071798214265884e-08,0.00031631288641529383,0.0004486799225487286,0.0003738974236684916,2.22648381219229e-08,1.3448381974413846e-07,6.824439015375757e-07,0.0008020516869816815
153,30.661322645290582,30.661322645290582,30.661322645290582,30.661322645290582,30.661322645290582,30.661322645290582,30.661322645290582,30.661322645290582,1.0877198858396745e-08,0.0003149068412023191,0.0004466747670675872,0.0003721450936165363,2.1871455317928858e-08,1.3167475372314583e-07,7.135465744837408e-07,0.0007327984330178359
154,30.861723446893787,30.861723446893787,30.861723446893787,30.861723446893787,30.861723446893787,30.861723446893787,30.861723446893787,30.861723446893787,1.07040829030842e-08,0.00031352572437734504,0.0004447052325730738,0.000370424614234528,2.1488489770705972e-08,1.2895264431714865e-07,7.467424994144728e-07,0.000777941087286801
155,31.062124248496996,31.062124248496996,31.062124248496996,31.062124248496996,31.062124248496996,31.062124248496996,31.062124248496996,31.062124248496996,1.046498446924962e-08,0.0003121690506199557,0.00044277068320076364,0.0003687353533606687,2.111557650700856e-08,1.2631416206743423e-07,7.82221097497694e-07,0.000769379703841924
156,31.2625250501002,31.2625250501002,31.2625250501002,31.2625250501002,31.2625250501002,31.2625250501002,31.2625250501002,31.2625250501002,1.0339793880864287e-08,0.00031083647141104333,0.0004408704862644369,0.00036707675653776145,2.0752396945203712e-08,1.2375612582097175e-07,8.201936182674317e-07,0.0007652471304484502
157,31.462925851703407,31.462925851703407,31.462925851703407,31.462925851703407,31.462925851703407,31.462925851703407,31.462925851703407,31.462925851703407,1.014832992027184e-08,0.0003095275007357011,0.00043900407907054086,0.0003654482598236585,2.0398649447652307e-08,1.212755048396361e-07,8.608962250417807e-07,0.0007658082035134942
158,31.663326653306616,31.663326653306616,31.663326653306616,31.663326653306616,31.663326653306616,31.663326653306616,31.663326653306616,31.663326653306616,9.977747928625153e-09,0.000308241766606267,0.0004371708762511363,0.0003638493533872238,2.0054045747281063e-08,1.1886941078809234e-07,9.045936138968733e-07,0.0007687235465783081
159,31.86372745490982,31.86372745490982,31.86372745490982,31.86372745490982,31.86372745490982,31.86372745490982,31.86372745490982,31.86372745490982,9.811526021623302e-09,0.00030697887617409027,0.00043537030575008814,0.00036227947377261914,1.9718308739390605e-08,1.165350914892282e-07,9.515832058952745e-07,0.0008301328861391323
160,32.06412825651303,32.06412825651303,32.06412825651303,32.06412825651303,32.06412825651303,32.06412825651303,32.06412825651303,32.06412825651303,9.649542006854444e-09,0.0003057384419989425,0.00043360181108249835,0.00036073814074475086,1.9391172335457433e-08,1.1426992089331782e-07,1.0022003035896163e-06,0.0007602273521234271
161,32.26452905811623,32.26452905811623,32.26452905811623,32.26452905811623,32.26452905811623,32.26452905811623,32.26452905811623,32.26452905811623,9.491673031070383e-09,0.0003045200971910442,0.00043186488059999306,0.0003592248489998189,1.9072380785420653e-08,1.1207139898894573e-07,1.0568234861926804e-06,0.0008401096813116586
162,32.46492985971944,32.46492985971944,32.46492985971944,32.46492985971944,32.46492985971944,32.46492985971944,32.46492985971944,32.46492985971944,9.337801935163174e-09,0.00030332347820923017,0.0004301589828103902,0.00035773914128246103,1.8761687833990078e-08,1.0993713358475697e-07,1.1158824282066798e-06,0.0008656881998513888
163,32.66533066132265,32.66533066132265,32.66533066132265,32.66533066132265,32.66533066132265,32.66533066132265,32.66533066132265,32.66533066132265,9.187829739271208e-09,0.00030214823374835967,0.00042848361880122105,0.00035628047882855363,1.8458856759863765e-08,1.0786484671146096e-07,1.1798654064424585e-06,0.0007981623312547573
164,32.86573146292585,32.86573146292585,32.86573146292585,32.86573146292585,32.86573146292585,32.86573146292585,32.86573146292585,32.86573146292585,9.006054662957056e-09,0.0003009940151895936,0.0004268382935687548,0.00035484850844740175,1.8163659585469355e-08,1.0585236213933346e-07,1.249329764195468e-06,0.0008493268813431398
165,33.06613226452906,33.06613226452906,33.06613226452906,33.06613226452906,33.06613226452906,33.06613226452906,33.06613226452906,33.06613226452906,8.98240866034022e-09,0.0002998604996947505,0.00042522251898407734,0.0003534427165070625,1.787587686431577e-08,1.0389759878497527e-07,1.3249137758209203e-06,0.0008335049080910408
166,33.26653306613227,33.26653306613227,33.26653306613227,33.26653306613227,33.26653306613227,33.26653306613227,33.26653306613227,33.26653306613227,8.724502933553247e-09,0.00029874737465673086,0.000423635864097128,0.0003520626941678875,1.7595297058063356e-08,1.0199857186088352e-07,1.4073511718150474e-06,0.0008369646944788939
167,33.46693386773547,33.46693386773547,33.46693386773547,33.46693386773547,33.46693386773547,33.46693386773547,33.46693386773547,33.46693386773547,8.624424538873344e-09,0.0002976542822383355,0.0004220778414477985,0.00035070803786566436,1.7321715077615822e-08,1.0015338196402268e-07,1.4974888004116765e-06,0.0008326747397608636
168,33.66733466933868,33.66733466933868,33.66733466933868,33.66733466933868,33.66733466933868,33.66733466933868,33.66733466933868,33.66733466933868,8.492185954116878e-09,0.00029658095213969034,0.0004205480151972039,0.00034937828765631176,1.7054926400509956e-08,9.83602143448792e-08,1.59630822080576e-06,0.0008577108490053916
169,33.86773547094189,33.86773547094189,33.86773547094189,33.86773547094189,33.86773547094189,33.86773547094189,33.86773547094189,33.86773547094189,8.36323532310878e-09,0.00029552707622066933,0.0004190459629612842,0.0003480731224045854,1.6814269175103892e-08,9.661733365522659e-08,1.7049522360498675e-06,0.0009403558660405854
170,34.06813627254509,34.06813627254509,34.06813627254509,34.06813627254509,34.06813627254509,34.06813627254509,34.06813627254509,34.06813627254509,8.237466470519888e-09,0.0002944923562473204,0.00041757127754342633,0.00034679210399108106,1.6495598256566106e-08,9.492307695798384e-08,1.8247577684171764e-06,0.0008591673301628575
171,34.2685370741483,34.2685370741483,34.2685370741483,34.2685370741483,34.2685370741483,34.2685370741483,34.2685370741483,34.2685370741483,8.11478984002807e-09,0.0002934765181531262,0.0004161235274937619,0.00034553487437654316,1.6313047172875984e-08,9.327585999878152e-08,1.957296805988584e-06,0.0009667044500980012
172,34.46893787575151,34.46893787575151,34.46893787575151,34.46893787575151,34.46893787575151,34.46893787575151,34.46893787575151,34.46893787575151,7.995119075273512e-09,0.00029247927251703417,0.00041470233929345724,0.0003443010645148122,1.6052218659778967e-08,9.16741582445511e-08,2.104427798815047e-06,0.000996650014502191
173,34.66933867735471,34.66933867735471,34.66933867735471,34.66933867735471,34.66933867735471,34.66933867735471,34.66933867735471,34.66933867735471,7.878360164268248e-09,0.00029150036405910126,0.00041330731449198206,0.0003430903275506884,1.5816794499287087e-08,9.011651806519845e-08,2.2683606844420405e-06,0.0009343006378212605
174,34.86973947895792,34.86973947895792,34.86973947895792,34.86973947895792,34.86973947895792,34.86973947895792,34.86973947895792,34.86973947895792,7.7946262437531e-09,0.0002905395193432039,0.0004119380771263449,0.0003419023058489379,1.558713165170323e-08,8.860154402955564e-08,2.451739762434063e-06,0.0010063950874621293
175,35.07014028056113,35.07014028056113,35.07014028056113,35.07014028056113,35.07014028056113,35.07014028056113,35.07014028056113,35.07014028056113,7.58346485959929e-09,0.0002895964930038439,0.0004105942501104995,0.0003407366715963129,1.5363088093636093e-08,8.712790237511409e-08,2.657750423924706e-06,0.0009957725443186238
176,35.27054108216433,35.27054108216433,35.27054108216433,35.27054108216433,35.27054108216433,35.27054108216433,35.27054108216433,35.27054108216433,7.575044144131294e-09,0.0002886710226295609,0.00040927552595587354,0.00033959309810377674,1.5144520474066345e-08,8.569431404511816e-08,2.8902576124465914e-06,0.0010318873136465428
177,35.47094188376754,35.47094188376754,35.47094188376754,35.47094188376754,35.47094188376754,35.47094188376754,35.47094188376754,35.47094188376754,7.439226886088776e-09,0.00028776288130284076,0.0004079814764014137,0.00033847122531378935,1.493128905781176e-08,8.429955228952469e-08,3.1539876679103042e-06,0.001018829836776912
178,35.671342685370746,35.671342685370746,35.671342685370746,35.671342685370746,35.671342685370746,35.671342685370746,35.671342685370746,35.671342685370746,7.336068329021567e-09,0.00028687182633270654,0.00040671183814696413,0.00033737087346535086,1.4723259279195233e-08,8.294244368282029e-08,3.454769521488674e-06,0.0010679166574860594
179,35.87174348697395,35.87174348697395,35.87174348697395,35.87174348697395,35.87174348697395,35.87174348697395,35.87174348697395,35.87174348697395,7.2354004199707805e-09,0.00028599762204613337,0.0004054662401176757,0.00033629155491591276,1.452030093141055e-08,8.162186214383536e-08,3.79985856516574e-06,0.0011797850152187011
180,36.07214428857716,36.07214428857716,36.07214428857716,36.07214428857716,36.07214428857716,36.07214428857716,36.07214428857716,36.07214428857716,7.1371759203649976e-09,0.0002851400537891085,0.00040424438068809395,0.00033523310592377045,1.4322288629606968e-08,8.033672794117296e-08,4.198377390718122e-06,0.0010809939115996932
181,36.27254509018036,36.27254509018036,36.27254509018036,36.27254509018036,36.27254509018036,36.27254509018036,36.27254509018036,36.27254509018036,7.041339383295008e-09,0.0002842988973261142,0.0004030459347341581,0.0003341951951238035,1.4129101618202109e-08,7.908600656178643e-08,4.661924005339166e-06,0.0012526360455899937
182,36.47294589178357,36.47294589178357,36.47294589178357,36.47294589178357,36.47294589178357,36.47294589178357,36.47294589178357,36.47294589178357,6.947838607881194e-09,0.0002834739437434512,0.0004018705953304078,0.00033317759079633713,1.3940623188746141e-08,7.786870487596523e-08,5.205424829751922e-06,0.0013058333020167315
183,36.673346693386776,36.673346693386776,36.673346693386776,36.673346693386776,36.673346693386776,36.673346693386776,36.673346693386776,36.673346693386776,6.8566429738592846e-09,0.000282664984127751,0.00040071808402794573,0.0003321798854096356,1.3756741113782022e-08,7.66838712711014e-08,5.848351611880841e-06,0.001264427129896281
184,36.87374749498998,36.87374749498998,36.87374749498998,36.87374749498998,36.87374749498998,36.87374749498998,36.87374749498998,36.87374749498998,6.7161036741202834e-09,0.00028187182553397023,0.0003995880949885414,0.00033120200904534944,1.357734729493493e-08,7.553059205289296e-08,6.61649184383548e-06,0.0014054337928247314
185,37.07414829659319,37.07414829659319,37.07414829659319,37.07414829659319,37.07414829659319,37.07414829659319,37.07414829659319,37.07414829659319,6.802915344314707e-09,0.0002810942368840006,0.0003984803628167059,0.0003302435678729993,1.3402337728961137e-08,7.440799119099172e-08,7.544580415150635e-06,0.0014338308778222722
186,37.274549098196395,37.274549098196395,37.274549098196395,37.274549098196395,37.274549098196395,37.274549098196395,37.274549098196395,37.274549098196395,6.5448024153072435e-09,0.00028033208775663144,0.0003973945776586103,0.0003293043505459348,1.3231613199411813e-08,7.331522883324965e-08,8.680307918918426e-06,0.0015475406817005964
187,37.4749498997996,37.4749498997996,37.4749498997996,37.4749498997996,37.4749498997996,37.4749498997996,37.4749498997996,37.4749498997996,6.5133882052747445e-09,0.0002795851405449766,0.00039633053081435305,0.00032838416498645433,1.3065081256518817e-08,7.22514944467095e-08,1.0090596405733032e-05,0.0015483605177410709
188,37.675350701402806,37.675350701402806,37.675350701402806,37.675350701402806,37.675350701402806,37.675350701402806,37.675350701402806,37.675350701402806,6.4327136902712204e-09,0.0002788532356436353,0.00039528791282460385,0.0003274826008731236,1.2902675746564466e-08,7.121602002733505e-08,1.1871740189697966e-05,0.0016930982984785742
189,37.875751503006015,37.875751503006015,37.875751503006015,37.875751503006015,37.875751503006015,37.875751503006015,37.875751503006015,37.875751503006015,6.3540517809710295e-09,0.00027813618812454855,0.00039426648966109194,0.00032659967363339614,1.2686548341093497e-08,7.02080620071724e-08,1.4166400968880226e-05,0.0019058209959698746
190,38.07615230460922,38.07615230460922,38.07615230460922,38.07615230460922,38.07615230460922,38.07615230460922,38.07615230460922,38.07615230460922,6.277335534101401e-09,0.00027743383559086814,0.0003932660143597013,0.00032573498588397135,1.2725634392823158e-08,6.922688765853388e-08,1.7193332913545485e-05,0.0018010393093183482
191,38.276553106212425,38.276553106212425,38.276553106212425,38.276553106212425,38.276553106212425,38.276553106212425,38.276553106212425,38.276553106212425,6.2025197766849865e-09,0.00027674599866560644,0.00039228624869860163,0.00032488837702804015,1.2381693643436903e-08,6.827185449463365e-08,2.1302079401262712e-05,0.0022241275348107003
192,38.476953907815634,38.476953907815634,38.476953907815634,38.476953907815634,38.476953907815634,38.476953907815634,38.476953907815634,38.476953907815634,6.129564885408621e-09,0.0002760725285020444,0.00039132696240202336,0.00032405959663209884,1.229201260236867e-08,6.73422649608474e-08,2.7079995296492507e-05,0.0024656846472805175
193,38.677354709418836,38.677354709418836,38.677354709418836,38.677354709418836,38.677354709418836,38.677354709418836,38.677354709418836,38.677354709418836,6.058441473693138e-09,0.0002754132540348134,0.00039038791167115406,0.00032324854220582634,1.214867499672952e-08,6.643750782998546e-08,3.557820249517399e-05,0.002627253937222571
194,38.877755511022045,38.877755511022045,38.877755511022045,38.877755511022045,38.877755511022045,38.877755511022045,38.877755511022045,38.877755511022045,5.9691438466844805e-09,0.000274768027981452,0.00038946888897502724,0.00032245486371580364,1.2008967990564728e-08,6.555697391133678e-08,4.883729956442547e-05,0.003220850521274138
195,39.078156312625254,39.078156312625254,39.078156312625254,39.078156312625254,39.078156312625254,39.078156312625254,39.078156312625254,39.078156312625254,5.968372514514644e-09,0.00027413669088563637,0.0003885696927697712,0.00032167846971292865,1.1872791686443623e-08,6.470008302582703e-08,7.127920873801294e-05,0.003757325552073391
196,39.278557114228455,39.278557114228455,39.278557114228455,39.278557114228455,39.278557114228455,39.278557114228455,39.278557114228455,39.278557114228455,5.835802943568894e-09,0.0002735191164443242,0.0003876900612872287,0.0003209191311179425,1.174007168086307e-08,6.386627771725785e-08,0.00011413152971977191,0.004748959139510364
197,39.478957915831664,39.478957915831664,39.478957915831664,39.478957915831664,39.478957915831664,39.478957915831664,39.478957915831664,39.478957915831664,5.7913483914721945e-09,0.00027291514338645883,0.00038682986296375074,0.0003201767306931313,1.1610738926879504e-08,6.305502218205941e-08,0.00021415696100198062,0.006109839646508182
198,39.67935871743487,39.67935871743487,39.67935871743487,39.67935871743487,39.67935871743487,39.67935871743487,39.67935871743487,39.67935871743487,5.728756207254312e-09,0.0002723246287978877,0.000385988855466692,0.00031945088396107674,1.1484728331615327e-08,6.226580468169026e-08,0.0005717798339088591,0.009745012222980198
199,39.879759519038075,39.879759519038075,39.879759519038075,39.879759519038075,39.879759519038075,39.879759519038075,39.879759519038075,39.879759519038075,5.667791452469029e-09,0.0002717474673381106,0.00038516684212427346,0.0003187417069028382,1.1361976968865185e-08,6.149813124176814e-08,0.4270772109820931,0.26851042842488076
200,40.08016032064128,40.08016032064128,40.08016032064128,40.08016032064128,40.08016032064128,40.08016032064128,40.08016032064128,40.08016032064128,5.608414747458825e-09,0.0002711834942303286,0.0003843636539570899,0.0003180488246684361,1.1242424628455685e-08,6.075152986271681e-08,0.9999998714770912,0.6075885214503363
201,40.28056112224449,40.28056112224449,40.28056112224449,40.28056112224449,40.28056112224449,40.28056112224449,40.28056112224449,40.28056112224449,5.5505951963942274e-09,0.00027063260897973674,0.00038357910400502014,0.00031737213559789187,1.1126013529735167e-08,6.002554778786073e-08,0.4270772165871876,0.268884668522044
202,40.480961923847694,40.480961923847694,40.480961923847694,40.480961923847694,40.480961923847694,40.480961923847694,40.480961923847694,40.480961923847694,5.494302076016112e-09,0.00027009466594545185,0.00038281301564780014,0.00031671149074885807,1.1012687824710777e-08,5.931974951614506e-08,0.0005717686183709397,0.010301799500208476
203,40.6813627254509,40.6813627254509,40.6813627254509,40.6813627254509,40.6813627254509,40.6813627254509,40.6813627254509,40.6813627254509,5.439494793119223e-09,0.00026956956093490903,0.0003820652041374278,0.0003160666798237987,1.0902393914275522e-08,5.863371808456094e-08,0.00021414012435319745,0.006672494857070398
204,40.88176352705411,40.88176352705411,40.88176352705411,40.88176352705411,40.88176352705411,40.88176352705411,40.88176352705411,40.88176352705411,5.4164888512051135e-09,0.00026905716953676387,0.0003813355247624227,0.0003154376277910362,1.0795080402999222e-08,5.7967054983416974e-08,0.0001141090559329692,0.005313184549456461
205,41.08216432865731,41.08216432865731,41.08216432865731,41.08216432865731,41.08216432865731,41.08216432865731,41.08216432865731,41.08216432865731,5.2659313929768225e-09,0.00026855738330344237,0.00038062380289462466,0.000314824133288405,1.0690697824451834e-08,5.7319375385617575e-08,7.12510764404468e-05,0.004356234709851994
206,41.28256513026052,41.28256513026052,41.28256513026052,41.28256513026052,41.28256513026052,41.28256513026052,41.28256513026052,41.28256513026052,5.31382507852549e-09,0.00026807008251849245,0.0003799298651685099,0.00031422606574904664,1.05891992420084e-08,5.669031345359602e-08,4.88034820164355e-05,0.0037855327658083775
207,41.48296593186373,41.48296593186373,41.48296593186373,41.48296593186373,41.48296593186373,41.48296593186373,41.48296593186373,41.48296593186373,5.2349103341914334e-09,0.00026759517176532356,0.0003792535881757523,0.00031364334342723707,1.049054054985042e-08,5.6079516286785326e-08,3.553866758327316e-05,0.003166062823998081
208,41.68336673346693,41.68336673346693,41.68336673346693,41.68336673346693,41.68336673346693,41.68336673346693,41.68336673346693,41.68336673346693,5.187308748882073e-09,0.0002671325436149,0.00037859480785989465,0.0003130756485403785,1.0394689394478652e-08,5.548664807653301e-08,2.7034705525435067e-05,0.002928206391429775
209,41.88376753507014,41.88376753507014,41.88376753507014,41.88376753507014,41.88376753507014,41.88376753507014,41.88376753507014,41.88376753507014,5.141054353520864e-09,0.000266682091234325,0.0003779533823423049,0.0003125231112299374,1.0277608536502753e-08,5.491138218772374e-08,2.1250991882026994e-05,0.002676437358748565
210,42.08416833667335,42.08416833667335,42.08416833667335,42.08416833667335,42.08416833667335,42.08416833667335,42.08416833667335,42.08416833667335,5.09614076047176e-09,0.0002662437211629771,0.0003773291629933003,0.00031198542189829264,1.026749737844559e-08,5.435342537355286e-08,1.713639935318327e-05,0.0022263369344560253
211,42.28456913827655,42.28456913827655,42.28456913827655,42.28456913827655,42.28456913827655,42.28456913827655,42.28456913827655,42.28456913827655,5.052551271878258e-09,0.0002658173419280848,0.00037672203591771576,0.0003114625167752796,1.0099861412616448e-08,5.3812452528357445e-08,1.4103567696034293e-05,0.0023409497079183886
212,42.48496993987976,42.48496993987976,42.48496993987976,42.48496993987976,42.48496993987976,42.48496993987976,42.48496993987976,42.48496993987976,5.010267900113096e-09,0.00026540286092420674,0.00037613184218661394,0.0003109542675335721,1.0038308243986339e-08,5.3288208829172206e-08,1.1802948124483794e-05,0.002243243381223874
213,42.68537074148297,42.68537074148297,42.68537074148297,42.68537074148297,42.68537074148297,42.68537074148297,42.68537074148297,42.68537074148297,4.969272192145163e-09,0.0002650001839977577,0.00037555847388970277,0.0003104605742390749,9.955778483600604e-09,5.278040963212287e-08,1.0015781121455874e-05,0.0020984583325152693
214,42.88577154308617,42.88577154308617,42.88577154308617,42.88577154308617,42.88577154308617,42.88577154308617,42.88577154308617,42.88577154308617,4.9319667238739976e-09,0.0002646092288528627,0.0003750018087651159,0.0003099813040674037,9.87582610974117e-09,5.228880454763477e-08,8.599399655470275e-06,0.0021079811502306453
215,43.08617234468938,43.08617234468938,43.08617234468938,43.08617234468938,43.08617234468938,43.08617234468938,43.08617234468938,43.08617234468938,4.885519826671458e-09,0.00026422991419307947,0.0003744617160563617,0.00030951636454636924,9.79840656564032e-09,5.181313899949499e-08,7.457504141761921e-06,0.0020163115557129086
216,43.28657314629259,43.28657314629259,43.28657314629259,43.28657314629259,43.28657314629259,43.28657314629259,43.28657314629259,43.28657314629259,4.856225816274632e-09,0.00026386216035882915,0.00037393808407541263,0.0003090656435087917,9.72348655563591e-09,5.1353182882798796e-08,6.523167361800967e-06,0.0019617858761160354
217,43.48697394789579,43.48697394789579,43.48697394789579,43.48697394789579,43.48697394789579,43.48697394789579,43.48697394789579,43.48697394789579,4.817860533816605e-09,0.00026350588028415463,0.0003734308225321504,0.0003086290824292639,9.651034929648014e-09,5.090870887713256e-08,5.748693667166717e-06,0.0017986927731537465
218,43.687374749499,43.687374749499,43.687374749499,43.687374749499,43.687374749499,43.687374749499,43.687374749499,43.687374749499,4.78307411331214e-09,0.0002631610094846535,0.0003729397754788107,0.0003082064543368699,9.581022768025169e-09,5.0479504243758546e-08,5.099343284865416e-06,0.0017583077531075524
219,43.88777555110221,43.88777555110221,43.88777555110221,43.88777555110221,43.88777555110221,43.88777555110221,43.88777555110221,43.88777555110221,4.74948402884454e-09,0.0002628274697970693,0.0003724648933516982,0.0003077978508288814,9.513422228785268e-09,5.006536378474871e-08,4.549324076251197e-06,0.0017020657584079046
220,44.08817635270541,44.08817635270541,44.08817635270541,44.08817635270541,44.08817635270541,44.08817635270541,44.08817635270541,44.08817635270541,4.717078369954126e-09,0.0002625051977729053,0.000372006044275118,0.0003074030515925235,9.448206718944009e-09,4.966609251925068e-08,4.079159921764168e-06,0.001495830995939167
221,44.28857715430862,44.28857715430862,44.28857715430862,44.28857715430862,44.28857715430862,44.28857715430862,44.28857715430862,44.28857715430862,4.685845326417201e-09,0.00026219411770867955,0.0003715631406333345,0.0003070220095253937,9.385351154739278e-09,4.928150686391973e-08,3.6739204844994854e-06,0.001606943367768653
222,44.48897795591183,44.48897795591183,44.48897795591183,44.48897795591183,44.48897795591183,44.48897795591183,44.48897795591183,44.48897795591183,4.6557738688976e-09,0.00026189417192402274,0.00037113609210489196,0.00030665465881899926,9.324831306498973e-09,4.891142875821968e-08,3.3220042656901665e-06,0.001603519295330461
223,44.68937875751503,44.68937875751503,44.68937875751503,44.68937875751503,44.68937875751503,44.68937875751503,44.68937875751503,44.68937875751503,4.62685880817708e-09,0.0002616052920419549,0.0003707248046199894,0.0003063008526362565,9.266624339773697e-09,4.855569421036513e-08,3.014285900625077e-06,0.0015626168590880543
224,44.88977955911824,44.88977955911824,44.88977955911824,44.88977955911824,44.88977955911824,44.88977955911824,44.88977955911824,44.88977955911824,4.586900826748544e-09,0.00026132742663205434,0.0003703291990451576,0.00030596060824036224,9.210708427640618e-09,4.8214137819689484e-08,2.7435080079659284e-06,0.0015954557870730853
225,45.09018036072145,45.09018036072145,45.09018036072145,45.09018036072145,45.09018036072145,45.09018036072145,45.09018036072145,45.09018036072145,4.601609867750547e-09,0.0002610605048708966,0.00036994918386062996,0.00030563378510015587,9.157062711889329e-09,4.788661707567212e-08,2.5038407600196945e-06,0.001563965404127266
226,45.29058116232465,45.29058116232465,45.29058116232465,45.29058116232465,45.29058116232465,45.29058116232465,45.29058116232465,45.29058116232465,4.53511749540811e-09,0.0002608044916478713,0.00036958469427743156,0.0003053203296887385,9.105667576374488e-09,4.757298467099367e-08,2.2905582349506975e-06,0.001553721623898075
227,45.49098196392786,45.49098196392786,45.49098196392786,45.49098196392786,45.49098196392786,45.49098196392786,45.49098196392786,45.49098196392786,4.522436421033518e-09,0.0002605593154216819,0.0003692356374992552,0.0003050202185129764,9.056503786951368e-09,4.727310572593791e-08,2.0997975649305714e-06,0.0014636203245002525
228,45.69138276553107,45.69138276553107,45.69138276553107,45.69138276553107,45.69138276553107,45.69138276553107,45.69138276553107,45.69138276553107,4.499093849823926e-09,0.0002603249371706509,0.00036890196221366794,0.00030473324216470535,9.009553192922574e-09,4.6986854506726385e-08,1.9283776366310626e-06,0.0014415428117273564
229,45.89178356713427,45.89178356713427,45.89178356713427,45.89178356713427,45.89178356713427,45.89178356713427,45.89178356713427,45.89178356713427,4.476850313269781e-09,0.0002601013008332518,0.0003685835830843154,0.00030445954454380483,8.966908252056e-09,4.6714109108517635e-08,1.7736610425163216e-06,0.0014154717182503574
230,46.09218436873748,46.09218436873748,46.09218436873748,46.09218436873748,46.09218436873748,46.09218436873748,46.09218436873748,46.09218436873748,4.455692204614204e-09,0.0002598883700616661,0.0003682804310270224,0.0003041989224200226,8.917445756592684e-09,4.645475782860752e-08,1.633448176467378e-06,0.0012722462687874208
231,46.29258517034068,46.29258517034068,46.29258517034068,46.29258517034068,46.29258517034068,46.29258517034068,46.29258517034068,46.29258517034068,4.435611236720403e-09,0.0002596860972154107,0.00036799247330138163,0.0003039513675733212,8.883841716911765e-09,4.6208692388456623e-08,1.5058951981036154e-06,0.0013714046867883472
232,46.49298597194389,46.49298597194389,46.49298597194389,46.49298597194389,46.49298597194389,46.49298597194389,46.49298597194389,46.49298597194389,4.416600109431117e-09,0.00025949443695130406,0.00036771961696341164,0.0003037168044139607,8.843577771452499e-09,4.597581337872799e-08,1.3894501731431704e-06,0.0013834813568435061
233,46.6933867735471,46.6933867735471,46.6933867735471,46.6933867735471,46.6933867735471,46.6933867735471,46.6933867735471,46.6933867735471,4.3986522200803075e-09,0.00025931335864230016,0.0003674618258670406,0.000303495241965185,8.807467944200465e-09,4.575602713786626e-08,1.2828031342713912e-06,0.0013723789119386139
234,46.8937875751503,46.8937875751503,46.8937875751503,46.8937875751503,46.8937875751503,46.8937875751503,46.8937875751503,46.8937875751503,4.381981703441547e-09,0.0002591428199643888,0.0003672190472904928,0.00030328654879607515,8.773484263746698e-09,4.554924676639562e-08,1.1848469979131104e-06,0.0014086074820529014
235,47.09418837675351,47.09418837675351,47.09418837675351,47.09418837675351,47.09418837675351,47.09418837675351,47.09418837675351,47.09418837675351,4.3654241871981576e-09,0.000258982785621081,0.00036699121402158165,0.00030309074012040637,8.741615557642868e-09,4.53553894145583e-08,1.0946471198204685e-06,0.0013913565605008016
236,47.294589178356716,47.294589178356716,47.294589178356716,47.294589178356716,47.294589178356716,47.294589178356716,47.294589178356716,47.294589178356716,4.351335528605197e-09,0.00025883323063826167,0.00036677831344127283,0.00030290775968830065,8.711851638517114e-09,4.517438038791896e-08,1.0114178320983884e-06,0.0013939280996703859
237,47.49498997995992,47.49498997995992,47.49498997995992,47.49498997995992,47.49498997995992,47.49498997995992,47.49498997995992,47.49498997995992,4.337376480234219e-09,0.00025869411397148607,0.0003665802634808157,0.0003027375210029055,8.684182401909692e-09,4.5006148197814037e-08,9.34504835885492e-07,0.0013316471340136828
238,47.69539078156313,47.69539078156313,47.69539078156313,47.69539078156313,47.69539078156313,47.69539078156313,47.69539078156313,47.69539078156313,4.32466083105615e-09,0.00025856541795067807,0.000366397050947532,0.0003025801432927098,8.658598909933198e-09,4.485063087741988e-08,8.633726886013341e-07,0.001315449589005696
239,47.895791583166336,47.895791583166336,47.895791583166336,47.895791583166336,47.895791583166336,47.895791583166336,47.895791583166336,47.895791583166336,4.312977502184217e-09,0.0002584471107299135,0.0003662286341779024,0.0003024353728501897,8.635092462472002e-09,4.470776639351208e-08,7.975967654934903e-07,0.0012978276651345268
240,48.09619238476954,48.09619238476954,48.09619238476954,48.09619238476954,48.09619238476954,48.09619238476954,48.09619238476954,48.09619238476954,4.302322548030756e-09,0.00025833917217414745,0.00036607496917396204,0.0003023033344828583,8.613655366385034e-09,4.457750102338577e-08,7.368593586029971e-07,0.0011816736148566585
241,48.296593186372746,48.296593186372746,48.296593186372746,48.296593186372746,48.296593186372746,48.296593186372746,48.296593186372746,48.296593186372746,4.292692667206485e-09,0.0002582415737318478,0.0003659360285483116,0.000302183954431164,8.594280840234336e-09,4.445978809273494e-08,6.809502051951659e-07,0.001278861684358911
242,48.496993987975955,48.496993987975955,48.496993987975955,48.496993987975955,48.496993987975955,48.496993987975955,48.496993987975955,48.496993987975955,4.28408450214594e-09,0.00025815430709079856,0.00036581180777732817,0.00030207717131534845,8.576962355517321e-09,4.4354581145206916e-08,6.297694406127402e-07,0.0012937994133647172
243,48.69739478957916,48.69739478957916,48.69739478957916,48.69739478957916,48.69739478957916,48.69739478957916,48.69739478957916,48.69739478957916,4.276495130995206e-09,0.00025807734235088847,0.0003657022290761031,0.0003019830899757663,8.561694351620644e-09,4.426184267450951e-08,5.833345485010551e-07,0.0012965672888992524
244,48.897795591182366,48.897795591182366,48.897795591182366,48.897795591182366,48.897795591182366,48.897795591182366,48.897795591182366,48.897795591182366,4.270695915700559e-09,0.0002580106753367573,0.0003656073391119198,0.0003019015101551504,8.54847205022824e-09,4.418153720528591e-08,5.417868871314425e-07,0.0013369986981224327
245,49.098196392785574,49.098196392785574,49.098196392785574,49.098196392785574,49.098196392785574,49.098196392785574,49.098196392785574,49.098196392785574,4.2628300411162865e-09,0.00025795428418665036,0.00036552704841020676,0.00030183254197263255,8.537291011882305e-09,4.411363637780464e-08,5.053955559592202e-07,0.001324972340575961
246,49.298597194388776,49.298597194388776,49.298597194388776,49.298597194388776,49.298597194388776,49.298597194388776,49.298597194388776,49.298597194388776,4.2604568688580585e-09,0.00025790816291319427,0.00036546140930698824,0.0003017761339398704,8.528147868083727e-09,4.4058114875281986e-08,4.7455138060720685e-07,0.0013332400941897002
247,49.498997995991985,49.498997995991985,49.498997995991985,49.498997995991985,49.498997995991985,49.498997995991985,49.498997995991985,49.498997995991985,4.2562882690179074e-09,0.00025787230039093687,0.00036541033390739456,0.0003017322373928923,8.521039321448232e-09,4.4014952152347874e-08,4.497420532574289e-07,0.0012850218764371903
248,49.699398797595194,49.699398797595194,49.699398797595194,49.699398797595194,49.699398797595194,49.699398797595194,49.699398797595194,49.699398797595194,4.25376583245062e-09,0.00025784668756056377,0.00036537388908909586,0.0003017009698236668,8.51596363588219e-09,4.398413304638733e-08,4.3149930875297735e-07,0.0012742527309282875
249,49.899799599198396,49.899799599198396,49.899799599198396,49.899799599198396,49.899799599198396,49.899799599198396,49.899799599198396,49.899799599198396,4.252252570094919e-09,0.00025783132429340146,0.00036535201470973494,0.00030168214487445385,8.51291919931302e-09,4.3965656548165016e-08,4.2031575529932175e-07,0.0012587959015234937
250,50.100200400801604,50.100200400801604,50.100200400801604,50.100200400801604,50.100200400801604,50.100200400801604,50.100200400801604,50.100200400801604,4.251748155518767e-09,0.00025782620215151255,0.00036534472212664535,0.00030167588485841647,8.511902817582616e-09,4.395945945410588e-08,4.1654486252016294e-07,0.0011560639180299777
